profession,location,pincode
Lawyers,Tampa,33647
Lawyers,Tampa,33624
Lawyers,Las Vegas,89101
Lawyers,Las Vegas,89109
Lawyers,Las Vegas,89128
Lawyers,Las Vegas,89148
Lawyers,Orlando,32801
Lawyers,Orlando,32803
Lawyers,Orlando,32819
Lawyers,Orlando,32835
Lawyers,San Francisco,94102
Lawyers,San Francisco,94107
Lawyers,San Francisco,94112
Lawyers,San Francisco,94132
Lawyers,Philadelphia,19102
Lawyers,Philadelphia,19107
Lawyers,Philadelphia,19134
Lawyers,Philadelphia,19148
Lawyers,Washington,20001
Lawyers,Washington,20010